时间,评论数
2025-10-06 11,2
2025-10-06 12,3
2025-10-06 13,2
2025-10-06 14,2
2025-10-06 15,1
2025-10-06 16,2
2025-10-06 20,2
2025-10-06 21,1
2025-10-06 22,4
2025-10-06 23,3
2025-10-07 00,2
2025-10-07 01,2
2025-10-07 02,1
2025-10-07 06,2
2025-10-07 07,3
2025-10-07 08,1
2025-10-07 09,1
2025-10-07 10,2
2025-10-07 11,1
2025-10-07 12,3
2025-10-07 13,2
2025-10-07 17,1
2025-10-07 18,2
2025-10-07 19,1
2025-10-07 21,4
2025-10-07 22,2
2025-10-07 23,1
2025-10-08 01,1
2025-10-08 06,1
2025-10-08 07,2
2025-10-08 08,3
2025-10-08 09,6
2025-10-08 10,3
2025-10-08 11,3
2025-10-08 12,1
2025-10-08 13,1
2025-10-08 18,1
2025-10-08 19,1
2025-10-08 21,2
2025-10-08 23,1
2025-10-09 00,1
2025-10-09 08,1
2025-10-09 11,1
2025-10-10 01,1
2025-10-10 14,1
2025-10-10 15,1
2025-10-10 17,1
2025-10-10 22,1
2025-10-11 10,1
2025-10-12 17,1
2025-10-12 21,1
2025-10-12 23,1
2025-10-13 08,1
2025-10-13 13,1
2025-10-13 22,1
2025-10-13 23,1
2025-10-15 09,1
2025-10-17 16,1
2025-10-21 07,1
2025-10-24 21,1
2025-10-28 15,1
2025-10-29 20,1
2025-10-30 13,1
2025-11-08 13,1
2025-11-08 16,5
2025-11-08 17,1
2025-11-08 18,1
2025-11-08 19,1
2025-11-09 10,1
2025-11-09 14,1
2025-11-09 16,1
2025-11-09 20,1
2025-11-10 09,1
2025-11-10 14,1
2025-11-11 10,1
2025-11-11 19,1
2025-11-12 13,1
2025-11-13 02,1
2025-11-13 13,3
2025-11-13 14,4
2025-11-13 15,5
2025-11-13 18,1
2025-11-13 19,1
2025-11-13 20,1
2025-11-13 21,1
2025-11-13 23,2
2025-11-14 07,1
2025-11-14 09,2
2025-11-14 10,18
2025-11-14 11,70
2025-11-14 12,44
2025-11-14 13,163
2025-11-14 14,61
2025-11-14 15,51
2025-11-14 16,45
2025-11-14 17,33
2025-11-14 18,47
2025-11-14 19,121
2025-11-14 20,130
2025-11-14 21,82
2025-11-14 22,187
2025-11-14 23,120
2025-11-15 00,65
2025-11-15 01,48
2025-11-15 02,25
2025-11-15 03,21
2025-11-15 04,8
2025-11-15 05,17
2025-11-15 06,41
2025-11-15 07,56
2025-11-15 08,110
2025-11-15 09,134
2025-11-15 10,188
2025-11-15 11,174
2025-11-15 12,96
2025-11-15 13,76
2025-11-15 14,42
2025-11-15 15,55
2025-11-15 16,99
2025-11-15 17,66
2025-11-15 18,63
2025-11-15 19,188
2025-11-15 20,98
2025-11-15 21,206
2025-11-15 22,143
2025-11-15 23,99
2025-11-16 00,102
2025-11-16 01,47
2025-11-16 02,33
2025-11-16 03,15
2025-11-16 04,15
2025-11-16 05,16
2025-11-16 06,22
2025-11-16 07,69
2025-11-16 08,88
2025-11-16 09,148
2025-11-16 10,156
2025-11-16 11,115
2025-11-16 12,76
2025-11-16 13,62
2025-11-16 14,101
2025-11-16 15,36
2025-11-16 16,43
2025-11-16 17,336
2025-11-16 18,25
2025-11-16 19,40
2025-11-16 20,51
2025-11-16 21,22
2025-11-16 22,23
2025-11-16 23,26
2025-11-17 00,9
2025-11-17 01,6
2025-11-17 02,2
2025-11-17 03,1
2025-11-17 04,2
2025-11-17 06,9
2025-11-17 07,71
2025-11-17 08,121
2025-11-17 09,98
2025-11-17 10,26
2025-11-17 11,32
2025-11-17 12,29
2025-11-17 13,31
2025-11-17 14,38
2025-11-17 15,12
2025-11-17 16,23
2025-11-17 17,16
2025-11-17 18,20
2025-11-17 19,19
2025-11-17 20,11
2025-11-17 21,18
2025-11-17 22,17
2025-11-17 23,13
2025-11-18 00,19
2025-11-18 01,10
2025-11-18 02,5
2025-11-18 03,1
2025-11-18 04,3
2025-11-18 05,8
2025-11-18 06,10
2025-11-18 07,18
2025-11-18 08,34
2025-11-18 09,25
2025-11-18 10,20
2025-11-18 11,14
2025-11-18 12,22
2025-11-18 13,12
2025-11-18 14,24
2025-11-18 15,11
2025-11-18 16,7
2025-11-18 17,17
2025-11-18 18,11
2025-11-18 19,16
2025-11-18 20,14
2025-11-18 21,19
2025-11-18 22,24
2025-11-18 23,13
2025-11-19 00,7
2025-11-19 01,2
2025-11-19 03,4
2025-11-19 04,1
2025-11-19 05,1
2025-11-19 06,20
2025-11-19 07,24
2025-11-19 08,22
2025-11-19 09,19
2025-11-19 10,14
2025-11-19 11,12
2025-11-19 12,8
2025-11-19 13,21
2025-11-19 14,31
2025-11-19 15,21
2025-11-19 16,19
2025-11-19 17,11
2025-11-19 18,14
2025-11-19 19,11
2025-11-19 20,5
2025-11-19 21,2
2025-11-19 22,6
2025-11-19 23,5
2025-11-20 00,3
2025-11-20 01,3
2025-11-20 04,3
2025-11-20 05,1
2025-11-20 06,1
2025-11-20 07,15
2025-11-20 08,35
2025-11-20 09,183
2025-11-20 10,105
2025-11-20 11,38
2025-11-20 12,36
2025-11-20 13,32
2025-11-20 14,29
2025-11-20 15,29
2025-11-20 16,72
2025-11-20 17,81
2025-11-20 18,55
2025-11-20 19,21
2025-11-20 20,31
2025-11-20 21,16
2025-11-20 22,21
2025-11-20 23,9
2025-11-21 00,3
2025-11-21 01,4
2025-11-21 02,5
2025-11-21 04,2
2025-11-21 05,4
2025-11-21 06,3
2025-11-21 07,4
2025-11-21 08,11
2025-11-21 09,12
2025-11-21 10,8
2025-11-21 11,9
2025-11-21 12,8
2025-11-21 13,2
2025-11-21 14,4
2025-11-21 15,2
2025-11-21 16,11
2025-11-21 17,25
2025-11-21 18,19
2025-11-21 19,10
2025-11-21 20,8
2025-11-21 21,10
2025-11-21 22,9
2025-11-21 23,11
2025-11-22 00,1
2025-11-22 01,2
2025-11-22 02,1
2025-11-22 03,1
2025-11-22 05,1
2025-11-22 07,1
2025-11-22 08,1
2025-11-22 09,9
2025-11-22 10,2
2025-11-22 11,1
2025-11-22 12,2
2025-11-22 13,2
2025-11-22 14,8
2025-11-22 15,3
2025-11-22 16,3
2025-11-22 17,7
2025-11-22 18,2
2025-11-22 19,7
2025-11-22 20,1
2025-11-22 21,3
2025-11-22 22,2
2025-11-23 02,1
2025-11-23 05,1
2025-11-23 06,1
2025-11-23 07,3
2025-11-23 08,2
2025-11-23 09,4
2025-11-23 10,7
2025-11-23 11,16
2025-11-23 12,62
2025-11-23 13,70
2025-11-23 14,98
2025-11-23 15,93
2025-11-23 16,19
2025-11-23 17,9
2025-11-23 18,7
2025-11-23 19,4
2025-11-23 20,12
2025-11-23 21,9
2025-11-23 22,10
2025-11-23 23,5
2025-11-24 00,15
2025-11-24 01,15
2025-11-24 02,4
2025-11-24 03,3
2025-11-24 04,2
2025-11-24 05,4
2025-11-24 06,8
2025-11-24 07,11
2025-11-24 08,20
2025-11-24 09,5
2025-11-24 10,13
2025-11-24 11,13
2025-11-24 12,22
2025-11-24 13,20
2025-11-24 14,16
2025-11-24 15,15
2025-11-24 16,12
2025-11-24 17,21
2025-11-24 18,30
2025-11-24 19,16
2025-11-24 20,19
2025-11-24 21,13
2025-11-24 22,11
2025-11-24 23,50
2025-11-25 00,21
2025-11-25 01,11
2025-11-25 02,5
2025-11-25 03,11
2025-11-25 04,4
2025-11-25 05,6
2025-11-25 06,11
2025-11-25 07,33
2025-11-25 08,65
2025-11-25 09,42
2025-11-25 10,36
2025-11-25 11,22
2025-11-25 12,21
2025-11-25 13,23
2025-11-25 14,12
2025-11-25 15,6
2025-11-25 16,2
2025-11-25 17,13
2025-11-25 18,12
2025-11-25 19,20
2025-11-25 20,12
2025-11-25 21,19
2025-11-25 22,7
2025-11-25 23,10
2025-11-26 00,2
2025-11-26 01,5
2025-11-26 02,2
2025-11-26 03,1
2025-11-26 04,3
2025-11-26 05,3
2025-11-26 06,3
2025-11-26 07,9
2025-11-26 08,10
2025-11-26 09,12
2025-11-26 10,13
2025-11-26 11,50
2025-11-26 12,53
2025-11-26 13,68
2025-11-26 14,76
2025-11-26 15,40
2025-11-26 16,29
2025-11-26 17,29
2025-11-26 18,13
2025-11-26 19,19
2025-11-26 20,33
2025-11-26 21,18
2025-11-26 22,22
2025-11-26 23,23
2025-11-27 00,13
2025-11-27 01,14
2025-11-27 02,6
2025-11-27 03,2
2025-11-27 04,2
2025-11-27 05,11
2025-11-27 06,7
2025-11-27 07,10
2025-11-27 08,11
2025-11-27 09,7
2025-11-27 10,14
2025-11-27 11,9
2025-11-27 12,8
2025-11-27 13,6
2025-11-27 14,9
2025-11-27 15,14
2025-11-27 16,31
2025-11-27 17,45
2025-11-27 18,14
2025-11-27 19,28
2025-11-27 20,13
2025-11-27 21,12
2025-11-27 22,11
2025-11-27 23,8
2025-11-28 00,5
2025-11-28 01,7
2025-11-28 02,2
2025-11-28 03,3
2025-11-28 05,3
2025-11-28 06,2
2025-11-28 07,7
2025-11-28 08,14
2025-11-28 09,5
2025-11-28 10,16
2025-11-28 11,7
2025-11-28 12,11
2025-11-28 13,4
2025-11-28 14,10
2025-11-28 15,9
2025-11-28 16,14
2025-11-28 17,2
2025-11-28 18,2
2025-11-28 19,5
2025-11-28 20,1
2025-11-28 21,1
2025-11-28 22,3
2025-11-28 23,3
2025-11-29 02,1
2025-11-29 04,1
2025-11-29 05,3
2025-11-29 06,1
2025-11-29 07,3
2025-11-29 08,2
2025-11-29 10,2
2025-11-29 11,2
2025-11-29 12,1
2025-11-29 13,1
2025-11-29 14,6
2025-11-29 15,7
2025-11-29 16,5
2025-11-29 17,5
2025-11-29 18,1
2025-11-29 20,5
2025-11-29 21,2
2025-11-29 22,5
2025-11-29 23,2
2025-11-30 00,5
2025-11-30 01,1
2025-11-30 03,3
2025-11-30 04,4
2025-11-30 05,4
2025-11-30 06,3
2025-11-30 07,4
2025-11-30 08,10
2025-11-30 09,18
2025-11-30 10,60
2025-11-30 11,33
2025-11-30 12,17
2025-11-30 13,13
2025-11-30 14,27
2025-11-30 15,35
2025-11-30 16,79
2025-11-30 17,54
2025-11-30 18,52
2025-11-30 19,41
2025-11-30 20,46
2025-11-30 21,57
2025-11-30 22,31
2025-11-30 23,30
2025-12-01 00,13
2025-12-01 01,7
2025-12-01 02,1
2025-12-01 03,3
2025-12-01 04,5
2025-12-01 05,5
2025-12-01 06,16
2025-12-01 07,21
2025-12-01 08,25
2025-12-01 09,19
2025-12-01 10,14
2025-12-01 11,6
2025-12-01 12,14
2025-12-01 13,9
2025-12-01 14,5
2025-12-01 15,6
2025-12-01 16,6
2025-12-01 17,7
2025-12-01 18,8
2025-12-01 19,6
2025-12-01 20,5
2025-12-01 21,6
2025-12-01 22,4
2025-12-01 23,3
2025-12-02 00,3
2025-12-02 01,3
2025-12-02 02,1
2025-12-02 03,2
2025-12-02 05,2
2025-12-02 06,3
2025-12-02 07,8
2025-12-02 08,2
2025-12-02 09,6
2025-12-02 10,16
2025-12-02 11,42
2025-12-02 12,30
2025-12-02 13,16
2025-12-02 14,9
2025-12-02 15,4
2025-12-02 16,9
2025-12-02 17,1
2025-12-02 18,4
2025-12-02 19,4
2025-12-02 20,6
2025-12-02 21,24
2025-12-02 22,4
2025-12-03 00,2
2025-12-03 04,1
2025-12-03 07,4
2025-12-03 08,6
2025-12-03 10,2
2025-12-03 11,2
2025-12-03 12,5
2025-12-03 13,10
2025-12-03 14,18
2025-12-03 15,47
2025-12-03 16,16
2025-12-03 17,22
2025-12-03 18,5
2025-12-03 19,6
2025-12-03 20,4
2025-12-03 21,4
2025-12-03 22,2
2025-12-03 23,3
2025-12-04 00,3
2025-12-04 01,1
2025-12-04 02,1
2025-12-04 04,1
2025-12-04 05,1
2025-12-04 07,3
2025-12-04 08,5
2025-12-04 09,4
2025-12-04 10,11
2025-12-04 11,1
2025-12-04 12,1
2025-12-04 13,2
2025-12-04 14,1
2025-12-04 15,1
2025-12-04 16,3
2025-12-04 17,1
2025-12-04 19,1
2025-12-04 21,2
2025-12-04 22,3
2025-12-04 23,3
2025-12-05 00,1
2025-12-05 04,1
2025-12-05 05,1
2025-12-05 06,3
2025-12-05 07,3
2025-12-05 08,1
2025-12-05 09,2
2025-12-05 10,9
2025-12-05 11,1
2025-12-05 12,1
2025-12-05 13,1
2025-12-05 14,2
2025-12-05 15,2
2025-12-05 16,1
2025-12-05 17,3
2025-12-05 19,1
2025-12-05 20,2
2025-12-05 21,4
2025-12-06 00,1
2025-12-06 01,1
2025-12-06 04,1
2025-12-06 05,1
2025-12-06 06,1
2025-12-06 07,1
2025-12-06 09,2
2025-12-06 10,12
2025-12-06 11,17
2025-12-06 12,21
2025-12-06 13,10
2025-12-06 14,22
2025-12-06 15,5
2025-12-06 16,9
2025-12-06 17,11
2025-12-06 18,2
2025-12-06 19,10
2025-12-06 20,11
2025-12-06 21,8
2025-12-06 22,14
2025-12-06 23,10
2025-12-07 00,7
2025-12-07 01,9
2025-12-07 02,8
2025-12-07 03,4
2025-12-07 04,2
2025-12-07 05,4
2025-12-07 06,6
2025-12-07 07,4
2025-12-07 08,16
2025-12-07 09,10
2025-12-07 10,8
2025-12-07 11,4
2025-12-07 12,16
2025-12-07 13,37
2025-12-07 14,25
2025-12-07 15,11
2025-12-07 16,9
2025-12-07 17,10
2025-12-07 18,11
2025-12-07 19,4
2025-12-07 20,3
2025-12-07 21,5
2025-12-07 22,3
2025-12-07 23,1
2025-12-08 00,1
2025-12-08 01,7
2025-12-08 03,4
2025-12-08 04,1
2025-12-08 05,1
2025-12-08 06,4
2025-12-08 07,3
2025-12-08 08,2
2025-12-08 09,12
2025-12-08 10,7
2025-12-08 11,4
2025-12-08 12,4
2025-12-08 13,5
2025-12-08 15,3
2025-12-08 16,3
2025-12-08 17,8
2025-12-08 18,4
2025-12-08 19,4
2025-12-08 20,86
2025-12-08 21,34
2025-12-08 22,61
2025-12-08 23,48
2025-12-09 00,23
2025-12-09 01,13
2025-12-09 02,7
2025-12-09 03,1
2025-12-09 04,6
2025-12-09 05,3
2025-12-09 06,5
2025-12-09 07,22
2025-12-09 08,20
2025-12-09 09,20
2025-12-09 10,17
2025-12-09 11,12
2025-12-09 12,8
2025-12-09 13,9
2025-12-09 14,11
2025-12-09 15,10
2025-12-09 16,11
2025-12-09 17,9
2025-12-09 18,6
2025-12-09 19,27
2025-12-09 20,24
2025-12-09 21,105
2025-12-09 22,98
2025-12-09 23,52
2025-12-10 00,13
2025-12-10 01,4
2025-12-10 03,2
2025-12-10 04,2
2025-12-10 05,1
2025-12-10 06,13
2025-12-10 07,13
2025-12-10 08,20
2025-12-10 09,2
2025-12-10 10,6
2025-12-10 11,6
2025-12-10 12,5
2025-12-10 13,2
2025-12-10 14,3
2025-12-10 15,3
2025-12-10 16,4
2025-12-10 17,7
2025-12-10 18,5
2025-12-10 19,2
2025-12-10 20,7
2025-12-10 21,3
2025-12-10 22,3
2025-12-10 23,2
2025-12-11 00,2
2025-12-11 01,3
2025-12-11 03,1
2025-12-11 04,1
2025-12-11 05,2
2025-12-11 07,3
2025-12-11 08,4
2025-12-11 09,3
2025-12-11 10,55
2025-12-11 11,45
2025-12-11 12,14
2025-12-11 13,18
2025-12-11 14,12
2025-12-11 15,27
2025-12-11 16,11
2025-12-11 17,1
