日期,小时,评论数,点赞数
2026-03-24,0,3,0
2026-03-24,4,2,2
2026-03-24,7,2,2
2026-03-24,8,1,0
2026-03-24,9,3,0
2026-03-24,10,2,1
2026-03-24,11,6,5
2026-03-24,12,2,0
2026-03-24,15,3,2
2026-03-24,18,229,1094
2026-03-24,19,591,2277
2026-03-24,20,366,856
2026-03-24,21,465,2450
2026-03-24,22,842,22298
2026-03-24,23,524,1556
2026-03-25,0,412,9729
2026-03-25,1,238,10427
2026-03-25,2,126,731
2026-03-25,3,50,214
2026-03-25,4,84,170
2026-03-25,5,99,940
2026-03-25,6,379,2481
2026-03-25,7,797,5099
2026-03-25,8,1089,4451
2026-03-25,9,1028,3537
2026-03-25,10,1189,13273
2026-03-25,11,1322,15213
2026-03-25,12,1732,45405
2026-03-25,13,1630,65021
2026-03-25,14,1237,13666
2026-03-25,15,1298,13242
2026-03-25,16,1444,16799
2026-03-25,17,1328,23903
2026-03-25,18,1266,23262
2026-03-25,19,1291,8694
2026-03-25,20,1389,10662
2026-03-25,21,1034,10338
2026-03-25,22,1143,9742
2026-03-25,23,1087,19391
2026-03-26,0,762,2726
2026-03-26,1,213,1045
2026-03-26,2,125,665
2026-03-26,3,85,250
2026-03-26,4,74,135
2026-03-26,5,130,469
2026-03-26,6,312,1369
2026-03-26,7,639,2647
2026-03-26,8,791,5251
2026-03-26,9,766,4112
2026-03-26,10,932,8251
2026-03-26,11,1330,9825
2026-03-26,12,1065,5810
2026-03-26,13,949,9961
2026-03-26,14,751,2404
2026-03-26,15,614,8581
2026-03-26,16,1079,8613
2026-03-26,17,824,3365
2026-03-26,18,692,2136
2026-03-26,19,587,11991
2026-03-26,20,930,7160
2026-03-26,21,822,8099
2026-03-26,22,545,6512
2026-03-26,23,445,7664
2026-03-27,0,238,2110
2026-03-27,1,125,385
2026-03-27,2,68,563
2026-03-27,3,39,79
2026-03-27,4,55,996
2026-03-27,5,72,494
2026-03-27,6,168,1721
2026-03-27,7,306,1263
2026-03-27,8,562,4736
2026-03-27,9,487,1892
2026-03-27,10,365,3622
2026-03-27,11,387,3999
2026-03-27,12,562,6451
2026-03-27,13,383,1999
2026-03-27,14,495,2274
2026-03-27,15,341,1132
2026-03-27,16,400,617
2026-03-27,17,230,434
2026-03-27,18,213,367
2026-03-27,19,324,458
2026-03-27,20,292,1136
2026-03-27,21,339,1447
2026-03-27,22,297,2744
2026-03-27,23,315,1023
2026-03-28,0,138,593
2026-03-28,1,77,188
2026-03-28,2,47,63
2026-03-28,3,27,37
2026-03-28,4,18,25
2026-03-28,5,42,260
2026-03-28,6,90,102
2026-03-28,7,184,1144
2026-03-28,8,244,1107
2026-03-28,9,275,1609
2026-03-28,10,337,1312
2026-03-28,11,313,670
2026-03-28,12,283,1573
2026-03-28,13,273,1153
2026-03-28,14,285,3566
2026-03-28,15,319,2694
2026-03-28,16,330,4826
2026-03-28,17,309,1538
2026-03-28,18,298,2069
2026-03-28,19,309,1746
2026-03-28,20,292,746
2026-03-28,21,290,653
2026-03-28,22,275,1311
2026-03-28,23,251,778
2026-03-29,0,166,195
2026-03-29,1,92,368
2026-03-29,2,41,251
2026-03-29,3,38,87
2026-03-29,4,22,36
2026-03-29,5,29,28
2026-03-29,6,70,132
2026-03-29,7,128,227
2026-03-29,8,188,489
2026-03-29,9,196,319
2026-03-29,10,262,3103
2026-03-29,11,218,519
2026-03-29,12,211,1242
2026-03-29,13,205,687
2026-03-29,14,190,441
2026-03-29,15,160,268
2026-03-29,16,134,102
2026-03-29,17,127,429
2026-03-29,18,107,1300
2026-03-29,19,142,531
2026-03-29,20,162,3749
2026-03-29,21,181,999
2026-03-29,22,158,585
2026-03-29,23,101,134
2026-03-30,0,93,606
2026-03-30,1,36,69
2026-03-30,2,21,107
2026-03-30,3,19,26
2026-03-30,4,10,12
2026-03-30,5,32,59
2026-03-30,6,48,185
2026-03-30,7,72,168
2026-03-30,8,120,275
2026-03-30,9,118,346
2026-03-30,10,93,168
2026-03-30,11,90,164
2026-03-30,12,73,116
2026-03-30,13,82,196
2026-03-30,14,91,87
2026-03-30,15,85,145
2026-03-30,16,63,49
2026-03-30,17,68,107
2026-03-30,18,66,72
2026-03-30,19,63,62
2026-03-30,20,67,119
2026-03-30,21,87,111
2026-03-30,22,93,133
2026-03-30,23,63,136
2026-03-31,0,27,27
2026-03-31,1,23,125
2026-03-31,2,14,60
2026-03-31,3,8,12
2026-03-31,4,8,8
2026-03-31,5,12,27
2026-03-31,6,21,23
2026-03-31,7,57,88
2026-03-31,8,91,140
2026-03-31,9,87,242
2026-03-31,10,94,232
2026-03-31,11,67,89
2026-03-31,12,72,205
2026-03-31,13,71,554
2026-03-31,14,55,114
2026-03-31,15,65,215
2026-03-31,16,74,107
2026-03-31,17,77,68
2026-03-31,18,47,68
2026-03-31,19,55,60
2026-03-31,20,66,1150
2026-03-31,21,87,619
2026-03-31,22,109,770
2026-03-31,23,76,189
2026-04-01,0,51,175
2026-04-01,1,24,35
2026-04-01,2,7,1
2026-04-01,3,4,1
2026-04-01,4,8,2
2026-04-01,5,13,52
2026-04-01,6,35,225
2026-04-01,7,53,135
2026-04-01,8,90,310
2026-04-01,9,109,136
2026-04-01,10,79,505
2026-04-01,11,86,2263
2026-04-01,12,83,1259
2026-04-01,13,87,1594
2026-04-01,14,86,275
2026-04-01,15,100,585
2026-04-01,16,103,185
2026-04-01,17,85,122
2026-04-01,18,67,148
2026-04-01,19,60,226
2026-04-01,20,68,203
2026-04-01,21,60,132
2026-04-01,22,56,1524
2026-04-01,23,73,357
2026-04-02,0,44,53
2026-04-02,1,13,36
2026-04-02,2,24,17
2026-04-02,3,5,8
2026-04-02,4,7,1
2026-04-02,5,10,3
2026-04-02,6,24,65
2026-04-02,7,29,111
2026-04-02,8,158,2298
2026-04-02,9,188,793
2026-04-02,10,72,224
2026-04-02,11,67,222
2026-04-02,12,74,529
2026-04-02,13,56,151
2026-04-02,14,49,161
2026-04-02,15,47,276
2026-04-02,16,50,81
2026-04-02,17,109,990
2026-04-02,18,78,428
2026-04-02,19,63,145
2026-04-02,20,47,538
2026-04-02,21,52,587
2026-04-02,22,48,463
2026-04-02,23,38,248
2026-04-03,0,17,42
2026-04-03,1,11,18
2026-04-03,2,12,60
2026-04-03,3,5,1286
2026-04-03,4,3,0
2026-04-03,5,9,103
2026-04-03,6,20,24
2026-04-03,7,15,79
2026-04-03,8,45,142
2026-04-03,9,45,70
2026-04-03,10,40,77
2026-04-03,11,33,27
2026-04-03,12,43,77
2026-04-03,13,45,84
2026-04-03,14,31,72
2026-04-03,15,41,40
2026-04-03,16,40,283
2026-04-03,17,42,92
2026-04-03,18,40,102
2026-04-03,19,52,611
2026-04-03,20,45,122
2026-04-03,21,53,129
2026-04-03,22,46,132
2026-04-03,23,32,38
2026-04-04,0,17,42
2026-04-04,1,12,7
2026-04-04,2,7,11
2026-04-04,3,11,2
2026-04-04,4,4,1
2026-04-04,5,5,2
2026-04-04,6,17,25
2026-04-04,7,19,21
2026-04-04,8,29,40
2026-04-04,9,38,140
2026-04-04,10,51,473
2026-04-04,11,26,340
2026-04-04,12,26,31
2026-04-04,13,17,118
2026-04-04,14,54,1649
2026-04-04,15,36,77
2026-04-04,16,54,318
2026-04-04,17,52,314
2026-04-04,18,49,99
2026-04-04,19,45,93
2026-04-04,20,24,98
2026-04-04,21,46,204
2026-04-04,22,51,61
2026-04-04,23,24,19
2026-04-05,0,25,25
2026-04-05,1,12,18
2026-04-05,2,7,2
2026-04-05,3,2,7
2026-04-05,5,4,0
2026-04-05,6,4,0
2026-04-05,7,22,80
2026-04-05,8,24,22
2026-04-05,9,31,37
2026-04-05,10,31,22
2026-04-05,11,36,22
2026-04-05,12,17,55
2026-04-05,13,36,66
2026-04-05,14,21,33
2026-04-05,15,19,8
2026-04-05,16,15,24
2026-04-05,17,29,22
2026-04-05,18,58,45
2026-04-05,19,27,34
2026-04-05,20,34,31
2026-04-05,21,26,13
2026-04-05,22,17,19
2026-04-05,23,16,2
2026-04-06,0,17,17
2026-04-06,1,7,3
2026-04-06,2,4,2
2026-04-06,3,3,2
2026-04-06,4,3,4
2026-04-06,5,1,0
2026-04-06,6,4,1
2026-04-06,7,11,1
2026-04-06,8,18,12
2026-04-06,9,35,53
2026-04-06,10,22,10
2026-04-06,11,28,24
2026-04-06,12,6,3
2026-04-06,13,16,26
2026-04-06,14,19,1
2026-04-06,15,23,15
2026-04-06,16,17,13
2026-04-06,17,15,2
2026-04-06,18,14,2
2026-04-06,19,14,42
2026-04-06,20,19,131
2026-04-06,21,26,59
2026-04-06,22,25,167
2026-04-06,23,34,70
2026-04-07,0,19,96
2026-04-07,1,7,9
2026-04-07,2,2,41
2026-04-07,5,3,10
2026-04-07,6,12,11
2026-04-07,7,15,8
2026-04-07,8,19,61
2026-04-07,9,34,27
2026-04-07,10,50,69
2026-04-07,11,62,105
2026-04-07,12,36,41
2026-04-07,13,25,19
2026-04-07,14,27,28
2026-04-07,15,31,113
2026-04-07,16,47,158
2026-04-07,17,28,16
2026-04-07,18,23,20
2026-04-07,19,14,3
2026-04-07,20,25,40
2026-04-07,21,18,4
2026-04-07,22,17,7
2026-04-07,23,16,39
2026-04-08,0,17,7
2026-04-08,1,9,16
2026-04-08,2,3,0
2026-04-08,3,4,0
2026-04-08,4,2,0
2026-04-08,6,12,2
2026-04-08,7,7,8
2026-04-08,8,23,6
2026-04-08,9,14,1
2026-04-08,10,16,13
2026-04-08,11,15,7
2026-04-08,12,12,3
2026-04-08,13,15,6
2026-04-08,14,10,1
2026-04-08,15,13,2
2026-04-08,16,16,0
2026-04-08,17,11,3
2026-04-08,18,8,2
2026-04-08,19,23,22
2026-04-08,20,11,11
2026-04-08,21,12,4
2026-04-08,22,10,2
2026-04-08,23,23,15
2026-04-09,0,17,16
2026-04-09,1,5,7
2026-04-09,3,1,0
2026-04-09,4,1,0
2026-04-09,6,3,0
2026-04-09,7,5,2
2026-04-09,8,5,0
2026-04-09,9,9,1
2026-04-09,10,7,1
2026-04-09,11,4,1
2026-04-09,12,7,0
2026-04-09,13,7,0
2026-04-09,14,3,0
2026-04-09,15,25,22
2026-04-09,16,5,10
2026-04-09,17,14,6
2026-04-09,18,5,2
2026-04-09,19,6,3
2026-04-09,20,11,0
2026-04-09,21,8,0
2026-04-09,22,11,3
2026-04-09,23,6,1
2026-04-10,0,3,0
2026-04-10,1,1,0
2026-04-10,3,1,0
2026-04-10,4,1,0
2026-04-10,5,3,1
2026-04-10,6,5,1
2026-04-10,7,5,0
2026-04-10,8,3,3
2026-04-10,9,7,7
2026-04-10,10,5,2
2026-04-10,11,2,0
2026-04-10,12,4,5
2026-04-10,13,2,0
2026-04-10,14,6,7
2026-04-10,16,3,0
2026-04-10,17,8,2
2026-04-10,18,2,2
2026-04-10,19,9,7
2026-04-10,20,7,2
2026-04-10,21,5,2
2026-04-10,22,7,1
2026-04-10,23,5,0
2026-04-11,0,5,3
2026-04-11,2,1,0
2026-04-11,3,1,0
2026-04-11,6,3,0
2026-04-11,7,7,0
2026-04-11,8,3,1
2026-04-11,9,5,1
2026-04-11,10,3,1
2026-04-11,11,6,0
2026-04-11,12,5,0
2026-04-11,13,3,1
2026-04-11,14,3,1
2026-04-11,15,8,0
2026-04-11,16,3,0
2026-04-11,17,6,1
2026-04-11,18,5,0
2026-04-11,19,4,0
2026-04-11,20,5,2
2026-04-11,21,7,1
2026-04-11,22,6,1
2026-04-11,23,5,2
2026-04-12,0,3,0
2026-04-12,1,1,0
2026-04-12,3,2,0
2026-04-12,5,1,0
2026-04-12,6,6,0
2026-04-12,7,2,2
2026-04-12,8,5,0
2026-04-12,9,3,0
2026-04-12,10,8,0
2026-04-12,11,7,2
2026-04-12,12,1,0
2026-04-12,13,8,3
2026-04-12,14,11,4
2026-04-12,16,4,0
2026-04-12,17,3,0
2026-04-12,18,5,3
2026-04-12,19,1,1
2026-04-12,20,5,1
2026-04-12,21,3,1
2026-04-12,22,4,1
2026-04-12,23,3,0
2026-04-13,0,2,1
2026-04-13,1,2,0
2026-04-13,4,1,0
2026-04-13,6,1,0
2026-04-13,7,6,2
2026-04-13,9,8,0
2026-04-13,10,4,2
2026-04-13,11,1,0
2026-04-13,12,9,3
2026-04-13,14,4,0
2026-04-13,15,4,0
2026-04-13,16,3,1
2026-04-13,17,7,0
2026-04-13,18,4,0
2026-04-13,19,3,3
2026-04-13,20,2,2
2026-04-13,21,3,1
2026-04-13,22,9,1
2026-04-13,23,5,1
2026-04-14,0,2,0
2026-04-14,1,2,1
2026-04-14,2,1,0
2026-04-14,7,2,0
2026-04-14,8,3,0
2026-04-14,9,1,0
2026-04-14,10,5,0
2026-04-14,11,2,0
2026-04-14,12,1,0
2026-04-14,13,1,0
2026-04-14,14,5,0
2026-04-14,15,1,0
2026-04-14,18,1,0
2026-04-14,19,1,0
2026-04-14,21,1,0
2026-04-14,23,1,0
2026-04-15,0,2,0
2026-04-15,2,1,0
2026-04-15,8,3,0
2026-04-15,9,1,0
